{"name":"Avukat Ali BEYAZ","short_name":"Av. Ali BEYAZ","description":"Beyaz Hukuk & Danışmanlık Bürosu - Avukat Ali BEYAZ","icons":[{"src":"https://www.avalibeyaz.com/web2/wp-content/uploads/2021/10/222.png","sizes":"192x192","type":"image/png","purpose":"any"},{"src":"https://www.avalibeyaz.com/web2/wp-content/uploads/2021/10/222.png","sizes":"192x192","type":"image/png","purpose":"maskable"},{"src":"https://www.avalibeyaz.com/web2/wp-content/uploads/2021/10/222.png","sizes":"512x512","type":"image/png","purpose":"any"},{"src":"https://www.avalibeyaz.com/web2/wp-content/uploads/2021/10/222.png","sizes":"512x512","type":"image/png","purpose":"maskable"}],"background_color":"#000000","theme_color":"#000000","display":"standalone","orientation":"portrait","start_url":"/android/?utm_source=superpwa&utm_medium=superpwa&utm_campaign=superpwa/","scope":"/","shortcuts":[{"name":"","short_name":"","description":"","url":"/","icons":[{"src":"https://www.avalibeyaz.com/web2/wp-content/uploads/2021/10/222.png","sizes":"192x192"}]}],"gcm_sender_id":"482941778795"}